Not,Dex,Pokémon ,ID,Copy,LV30 0% Combat Power,Copy,LV35 100% Combat Power,Trade String,Transfer String,,Link
!3*&!4*&!dynamax&!shadow&,382,Kyogre,,&cp,2260,-,2939,!3*&!4*&!dynamax&!shadow&382&cp2260-2939,!3*&!4*&!dynamax&!shadow&382&cp0-2259,,https://assets.dittobase.com/go/pokemon/382-kyogre.png
!3*&!4*&!dynamax&!shadow&,383,Groudon,,&cp,2260,-,2939,!3*&!4*&!dynamax&!shadow&383&cp2260-2939,!3*&!4*&!dynamax&!shadow&383&cp0-2259,,https://assets.dittobase.com/go/pokemon/383-groudon.png
!3*&!4*&!dynamax&!shadow&evolve&,1,Bulbasaur,,&cp,753,-,1035,!3*&!4*&!dynamax&!shadow&evolve&1&cp753-1035,!3*&!4*&!dynamax&!shadow&evolve&1&cp0-752,,https://assets.dittobase.com/go/pokemon/1-bulbasaur.png
!3*&!4*&!dynamax&!shadow&evolve&,2,Ivysaur,,&cp,1203,-,1577,!3*&!4*&!dynamax&!shadow&evolve&2&cp1203-1577,!3*&!4*&!dynamax&!shadow&evolve&2&cp0-1202,,https://assets.dittobase.com/go/pokemon/2-ivysaur.png
!3*&!4*&!dynamax&!shadow&evolve&,3,Venusaur,,&cp,2008,-,2526,!3*&!4*&!dynamax&!shadow&evolve&3&cp2008-2526,!3*&!4*&!dynamax&!shadow&evolve&3&cp0-2007,,https://assets.dittobase.com/go/pokemon/3-venusaur.png
!3*&!4*&!dynamax&!shadow&evolve&,4,Charmander,,&cp,650,-,910,!3*&!4*&!dynamax&!shadow&evolve&4&cp650-910,!3*&!4*&!dynamax&!shadow&evolve&4&cp0-649,,https://assets.dittobase.com/go/pokemon/4-charmander.png
!3*&!4*&!dynamax&!shadow&evolve&,5,Charmeleon,,&cp,1166,-,1535,!3*&!4*&!dynamax&!shadow&evolve&5&cp1166-1535,!3*&!4*&!dynamax&!shadow&evolve&5&cp0-1165,,https://assets.dittobase.com/go/pokemon/5-charmeleon.png
!3*&!4*&!dynamax&!shadow&evolve&,6,Charizard,,&cp,2141,-,2683,!3*&!4*&!dynamax&!shadow&evolve&6&cp2141-2683,!3*&!4*&!dynamax&!shadow&evolve&6&cp0-2140,,https://assets.dittobase.com/go/pokemon/6-charizard.png
!3*&!4*&!dynamax&!shadow&evolve&,7,Squirtle,,&cp,623,-,878,!3*&!4*&!dynamax&!shadow&evolve&7&cp623-878,!3*&!4*&!dynamax&!shadow&evolve&7&cp0-622,,https://assets.dittobase.com/go/pokemon/7-squirtle.png
!3*&!4*&!dynamax&!shadow&evolve&,8,Wartortle,,&cp,1038,-,1382,!3*&!4*&!dynamax&!shadow&evolve&8&cp1038-1382,!3*&!4*&!dynamax&!shadow&evolve&8&cp0-1037,,https://assets.dittobase.com/go/pokemon/8-wartortle.png
!3*&!4*&!dynamax&!shadow&evolve&,9,Blastoise,,&cp,1806,-,2290,!3*&!4*&!dynamax&!shadow&evolve&9&cp1806-2290,!3*&!4*&!dynamax&!shadow&evolve&9&cp0-1805,,https://assets.dittobase.com/go/pokemon/9-blastoise.png
!3*&!4*&!dynamax&!shadow&evolve&,13,Weedle,,&cp,261,-,423,!3*&!4*&!dynamax&!shadow&evolve&13&cp261-423,!3*&!4*&!dynamax&!shadow&evolve&13&cp0-260,,https://assets.dittobase.com/go/pokemon/13-weedle.png
!3*&!4*&!dynamax&!shadow&evolve&,14,Kakuna,,&cp,241,-,401,!3*&!4*&!dynamax&!shadow&evolve&14&cp241-401,!3*&!4*&!dynamax&!shadow&evolve&14&cp0-240,,https://assets.dittobase.com/go/pokemon/14-kakuna.png
!3*&!4*&!dynamax&!shadow&evolve&,15,Beedrill,,&cp,1317,-,1714,!3*&!4*&!dynamax&!shadow&evolve&15&cp1317-1714,!3*&!4*&!dynamax&!shadow&evolve&15&cp0-1316,,https://assets.dittobase.com/go/pokemon/15-beedrill.png
!3*&!4*&!dynamax&!shadow&evolve&,16,Pidgey,,&cp,425,-,632,!3*&!4*&!dynamax&!shadow&evolve&16&cp425-632,!3*&!4*&!dynamax&!shadow&evolve&16&cp0-424,,https://assets.dittobase.com/go/pokemon/16-pidgey.png
!3*&!4*&!dynamax&!shadow&evolve&,17,Pidgeotto,,&cp,811,-,1109,!3*&!4*&!dynamax&!shadow&evolve&17&cp811-1109,!3*&!4*&!dynamax&!shadow&evolve&17&cp0-810,,https://assets.dittobase.com/go/pokemon/17-pidgeotto.png
!3*&!4*&!dynamax&!shadow&evolve&,18,Pidgeot,,&cp,1540,-,1977,!3*&!4*&!dynamax&!shadow&evolve&18&cp1540-1977,!3*&!4*&!dynamax&!shadow&evolve&18&cp0-1539,,https://assets.dittobase.com/go/pokemon/18-pidgeot.png
!3*&!4*&!dynamax&!shadow&evolve&kanto,172,Pichu,,&cp,240,-,270,!3*&!4*&!dynamax&!shadow&evolve&kanto172&cp240-270,!3*&!4*&!dynamax&!shadow&evolve&kanto172&cp0-239,,https://assets.dittobase.com/go/pokemon/172-pichu.png
!3*&!4*&!dynamax&!shadow&evolve&kanto,25,Pikachu,,&cp,618,-,871,!3*&!4*&!dynamax&!shadow&evolve&kanto25&cp618-871,!3*&!4*&!dynamax&!shadow&evolve&kanto25&cp0-617,,https://assets.dittobase.com/go/pokemon/25-pikachu.png
!3*&!4*&!dynamax&!shadow&evolve&kanto,26,Raichu,,&cp,1580,-,2026,!3*&!4*&!dynamax&!shadow&evolve&kanto26&cp1580-2026,!3*&!4*&!dynamax&!shadow&evolve&kanto26&cp0-1579,,https://assets.dittobase.com/go/pokemon/26-raichu.png
!3*&!4*&!dynamax&!shadow&evolve&,173,Cleffa,,&cp,346,-,383,!3*&!4*&!dynamax&!shadow&evolve&173&cp346-383,!3*&!4*&!dynamax&!shadow&evolve&173&cp0-345,,https://assets.dittobase.com/go/pokemon/173-cleffa.png
!3*&!4*&!dynamax&!shadow&evolve&,35,Clefairy,,&cp,780,-,1073,!3*&!4*&!dynamax&!shadow&evolve&35&cp780-1073,!3*&!4*&!dynamax&!shadow&evolve&35&cp0-779,,https://assets.dittobase.com/go/pokemon/35-clefairy.png
!3*&!4*&!dynamax&!shadow&evolve&,36,Clefable,,&cp,1782,-,2263,!3*&!4*&!dynamax&!shadow&evolve&36&cp1782-2263,!3*&!4*&!dynamax&!shadow&evolve&36&cp0-1781,,https://assets.dittobase.com/go/pokemon/36-clefable.png
!3*&!4*&!dynamax&!shadow&evolve&,63,Abra,,&cp,911,-,1246,!3*&!4*&!dynamax&!shadow&evolve&63&cp911-1246,!3*&!4*&!dynamax&!shadow&evolve&63&cp0-910,,https://assets.dittobase.com/go/pokemon/63-abra.png
!3*&!4*&!dynamax&!shadow&evolve&,64,Kadabra,,&cp,1471,-,1912,!3*&!4*&!dynamax&!shadow&evolve&64&cp1471-1912,!3*&!4*&!dynamax&!shadow&evolve&64&cp0-1470,,https://assets.dittobase.com/go/pokemon/64-kadabra.png
!3*&!4*&!dynamax&!shadow&evolve&,65,Alakazam,,&cp,2265,-,2839,!3*&!4*&!dynamax&!shadow&evolve&65&cp2265-2839,!3*&!4*&!dynamax&!shadow&evolve&65&cp0-2264,,https://assets.dittobase.com/go/pokemon/65-alakazam.png
!3*&!4*&!dynamax&!shadow&evolve&,69,Bellsprout,,&cp,680,-,959,!3*&!4*&!dynamax&!shadow&evolve&69&cp680-959,!3*&!4*&!dynamax&!shadow&evolve&69&cp0-679,,https://assets.dittobase.com/go/pokemon/69-bellsprout.png
!3*&!4*&!dynamax&!shadow&evolve&,70,Weepinbell,,&cp,1127,-,1496,!3*&!4*&!dynamax&!shadow&evolve&70&cp1127-1496,!3*&!4*&!dynamax&!shadow&evolve&70&cp0-1126,,https://assets.dittobase.com/go/pokemon/70-weepinbell.png
!3*&!4*&!dynamax&!shadow&evolve&,71,Victreebel,,&cp,1774,-,2257,!3*&!4*&!dynamax&!shadow&evolve&71&cp1774-2257,!3*&!4*&!dynamax&!shadow&evolve&71&cp0-1773,,https://assets.dittobase.com/go/pokemon/71-victreebel.png
!3*&!4*&!dynamax&!shadow&evolve&kanto,79,Slowpoke,,&cp,831,-,1139,!3*&!4*&!dynamax&!shadow&evolve&kanto79&cp831-1139,!3*&!4*&!dynamax&!shadow&evolve&kanto79&cp0-830,,https://assets.dittobase.com/go/pokemon/79-slowpoke.png
!3*&!4*&!dynamax&!shadow&evolve&kanto,80,Slowbro,,&cp,1868,-,2363,!3*&!4*&!dynamax&!shadow&evolve&kanto80&cp1868-2363,!3*&!4*&!dynamax&!shadow&evolve&kanto80&cp0-1867,,https://assets.dittobase.com/go/pokemon/80-slowbro.png
!3*&!4*&!dynamax&!shadow&evolve&,92,Gastly,,&cp,823,-,1141,!3*&!4*&!dynamax&!shadow&evolve&92&cp823-1141,!3*&!4*&!dynamax&!shadow&evolve&92&cp0-822,,https://assets.dittobase.com/go/pokemon/92-gastly.png
!3*&!4*&!dynamax&!shadow&evolve&,93,Haunter,,&cp,1397,-,1823,!3*&!4*&!dynamax&!shadow&evolve&93&cp1397-1823,!3*&!4*&!dynamax&!shadow&evolve&93&cp0-1396,,https://assets.dittobase.com/go/pokemon/93-haunter.png
!3*&!4*&!dynamax&!shadow&evolve&,94,Gengar,,&cp,2123,-,2672,!3*&!4*&!dynamax&!shadow&evolve&94&cp2123-2672,!3*&!4*&!dynamax&!shadow&evolve&94&cp0-2122,,https://assets.dittobase.com/go/pokemon/94-gengar.png
!3*&!4*&!dynamax&!shadow&evolve&,115,Kangaskhan,,&cp,1900,-,2401,!3*&!4*&!dynamax&!shadow&evolve&115&cp1900-2401,!3*&!4*&!dynamax&!shadow&evolve&115&cp0-1899,,https://assets.dittobase.com/go/pokemon/115-kangaskhan.png
!3*&!4*&!dynamax&!shadow&evolve&,120,Staryu,,&cp,783,-,1074,!3*&!4*&!dynamax&!shadow&evolve&120&cp783-1074,!3*&!4*&!dynamax&!shadow&evolve&120&cp0-782,,https://assets.dittobase.com/go/pokemon/120-staryu.png
!3*&!4*&!dynamax&!shadow&evolve&,121,Starmie,,&cp,1898,-,2400,!3*&!4*&!dynamax&!shadow&evolve&121&cp1898-2400,!3*&!4*&!dynamax&!shadow&evolve&121&cp0-1897,,https://assets.dittobase.com/go/pokemon/121-starmie.png
!3*&!4*&!dynamax&!shadow&evolve&,127,Pinsir,,&cp,2194,-,2747,!3*&!4*&!dynamax&!shadow&evolve&127&cp2194-2747,!3*&!4*&!dynamax&!shadow&evolve&127&cp0-2193,,https://assets.dittobase.com/go/pokemon/127-pinsir.png
!3*&!4*&!dynamax&!shadow&evolve&,129,Magikarp,,&cp,131,-,255,!3*&!4*&!dynamax&!shadow&evolve&129&cp131-255,!3*&!4*&!dynamax&!shadow&evolve&129&cp0-130,,https://assets.dittobase.com/go/pokemon/129-magikarp.png
!3*&!4*&!dynamax&!shadow&evolve&,130,Gyarados,,&cp,2543,-,3149,!3*&!4*&!dynamax&!shadow&evolve&130&cp2543-3149,!3*&!4*&!dynamax&!shadow&evolve&130&cp0-2542,,https://assets.dittobase.com/go/pokemon/130-gyarados.png
!3*&!4*&!dynamax&!shadow&evolve&,142,Aerodactyl,,&cp,2056,-,2585,!3*&!4*&!dynamax&!shadow&evolve&142&cp2056-2585,!3*&!4*&!dynamax&!shadow&evolve&142&cp0-2055,,https://assets.dittobase.com/go/pokemon/142-aerodactyl.png
!3*&!4*&!dynamax&!shadow&evolve&,147,Dratini,,&cp,668,-,933,!3*&!4*&!dynamax&!shadow&evolve&147&cp668-933,!3*&!4*&!dynamax&!shadow&evolve&147&cp0-667,,https://assets.dittobase.com/go/pokemon/147-dratini.png
!3*&!4*&!dynamax&!shadow&evolve&,148,Dragonair,,&cp,1266,-,1653,!3*&!4*&!dynamax&!shadow&evolve&148&cp1266-1653,!3*&!4*&!dynamax&!shadow&evolve&148&cp0-1265,,https://assets.dittobase.com/go/pokemon/148-dragonair.png
!3*&!4*&!dynamax&!shadow&evolve&,149,Dragonite,,&cp,2864,-,3521,!3*&!4*&!dynamax&!shadow&evolve&149&cp2864-3521,!3*&!4*&!dynamax&!shadow&evolve&149&cp0-2863,,https://assets.dittobase.com/go/pokemon/149-dragonite.png
!3*&!4*&!dynamax&!shadow&evolve&,150,Mewtwo,,&cp,2294,-,2984,!3*&!4*&!dynamax&!shadow&evolve&150&cp2294-2984,!3*&!4*&!dynamax&!shadow&evolve&150&cp0-2293,,https://assets.dittobase.com/go/pokemon/150-mewtwo.png
!3*&!4*&!dynamax&!shadow&evolve&,152,Chikorita,,&cp,615,-,868,!3*&!4*&!dynamax&!shadow&evolve&152&cp615-868,!3*&!4*&!dynamax&!shadow&evolve&152&cp0-614,,https://assets.dittobase.com/go/pokemon/152-chikorita.png
!3*&!4*&!dynamax&!shadow&evolve&,153,Bayleef,,&cp,1012,-,1350,!3*&!4*&!dynamax&!shadow&evolve&153&cp1012-1350,!3*&!4*&!dynamax&!shadow&evolve&153&cp0-1011,,https://assets.dittobase.com/go/pokemon/153-bayleef.png
!3*&!4*&!dynamax&!shadow&evolve&,154,Meganium,,&cp,1762,-,2238,!3*&!4*&!dynamax&!shadow&evolve&154&cp1762-2238,!3*&!4*&!dynamax&!shadow&evolve&154&cp0-1761,,https://assets.dittobase.com/go/pokemon/154-meganium.png
!3*&!4*&!dynamax&!shadow&evolve&,158,Totodile,,&cp,765,-,1051,!3*&!4*&!dynamax&!shadow&evolve&158&cp765-1051,!3*&!4*&!dynamax&!shadow&evolve&158&cp0-764,,https://assets.dittobase.com/go/pokemon/158-totodile.png
!3*&!4*&!dynamax&!shadow&evolve&,159,Croconaw,,&cp,1221,-,1599,!3*&!4*&!dynamax&!shadow&evolve&159&cp1221-1599,!3*&!4*&!dynamax&!shadow&evolve&159&cp0-1220,,https://assets.dittobase.com/go/pokemon/159-croconaw.png
!3*&!4*&!dynamax&!shadow&evolve&,160,Feraligatr,,&cp,2117,-,2653,!3*&!4*&!dynamax&!shadow&evolve&160&cp2117-2653,!3*&!4*&!dynamax&!shadow&evolve&160&cp0-2116,,https://assets.dittobase.com/go/pokemon/160-feraligatr.png
!3*&!4*&!dynamax&!shadow&evolve&,179,Mareep,,&cp,655,-,920,!3*&!4*&!dynamax&!shadow&evolve&179&cp655-920,!3*&!4*&!dynamax&!shadow&evolve&179&cp0-654,,https://assets.dittobase.com/go/pokemon/179-mareep.png
!3*&!4*&!dynamax&!shadow&evolve&,180,Flaaffy,,&cp,1062,-,1413,!3*&!4*&!dynamax&!shadow&evolve&180&cp1062-1413,!3*&!4*&!dynamax&!shadow&evolve&180&cp0-1061,,https://assets.dittobase.com/go/pokemon/180-flaaffy.png
!3*&!4*&!dynamax&!shadow&evolve&,181,Ampharos,,&cp,2112,-,2649,!3*&!4*&!dynamax&!shadow&evolve&181&cp2112-2649,!3*&!4*&!dynamax&!shadow&evolve&181&cp0-2111,,https://assets.dittobase.com/go/pokemon/181-ampharos.png
!3*&!4*&!dynamax&!shadow&evolve&,95,Onix,,&cp,730,-,1023,!3*&!4*&!dynamax&!shadow&evolve&95&cp730-1023,!3*&!4*&!dynamax&!shadow&evolve&95&cp0-729,,https://assets.dittobase.com/go/pokemon/95-onix.png
!3*&!4*&!dynamax&!shadow&evolve&,208,Steelix,,&cp,1758,-,2242,!3*&!4*&!dynamax&!shadow&evolve&208&cp1758-2242,!3*&!4*&!dynamax&!shadow&evolve&208&cp0-1757,,https://assets.dittobase.com/go/pokemon/208-steelix.png
!3*&!4*&!dynamax&!shadow&evolve&,123,Scyther,,&cp,1995,-,2513,!3*&!4*&!dynamax&!shadow&evolve&123&cp1995-2513,!3*&!4*&!dynamax&!shadow&evolve&123&cp0-1994,,https://assets.dittobase.com/go/pokemon/123-scyther.png
!3*&!4*&!dynamax&!shadow&evolve&,212,Scizor,,&cp,2229,-,2786,!3*&!4*&!dynamax&!shadow&evolve&212&cp2229-2786,!3*&!4*&!dynamax&!shadow&evolve&212&cp0-2228,,https://assets.dittobase.com/go/pokemon/212-scizor.png
!3*&!4*&!dynamax&!shadow&evolve&,214,Heracross,,&cp,2310,-,2879,!3*&!4*&!dynamax&!shadow&evolve&214&cp2310-2879,!3*&!4*&!dynamax&!shadow&evolve&214&cp0-2309,,https://assets.dittobase.com/go/pokemon/214-heracross.png
!3*&!4*&!dynamax&!shadow&evolve&,227,Skarmory,,&cp,1520,-,1958,!3*&!4*&!dynamax&!shadow&evolve&227&cp1520-1958,!3*&!4*&!dynamax&!shadow&evolve&227&cp0-1519,,https://assets.dittobase.com/go/pokemon/227-skarmory.png
!3*&!4*&!dynamax&!shadow&evolve&,228,Houndour,,&cp,838,-,1146,!3*&!4*&!dynamax&!shadow&evolve&228&cp838-1146,!3*&!4*&!dynamax&!shadow&evolve&228&cp0-837,,https://assets.dittobase.com/go/pokemon/228-houndour.png
!3*&!4*&!dynamax&!shadow&evolve&,229,Houndoom,,&cp,1936,-,2447,!3*&!4*&!dynamax&!shadow&evolve&229&cp1936-2447,!3*&!4*&!dynamax&!shadow&evolve&229&cp0-1935,,https://assets.dittobase.com/go/pokemon/229-houndoom.png
!3*&!4*&!dynamax&!shadow&evolve&,246,Larvitar,,&cp,694,-,966,!3*&!4*&!dynamax&!shadow&evolve&246&cp694-966,!3*&!4*&!dynamax&!shadow&evolve&246&cp0-693,,https://assets.dittobase.com/go/pokemon/246-larvitar.png
!3*&!4*&!dynamax&!shadow&evolve&,247,Pupitar,,&cp,1255,-,1640,!3*&!4*&!dynamax&!shadow&evolve&247&cp1255-1640,!3*&!4*&!dynamax&!shadow&evolve&247&cp0-1254,,https://assets.dittobase.com/go/pokemon/247-pupitar.png
!3*&!4*&!dynamax&!shadow&evolve&,248,Tyranitar,,&cp,2900,-,3561,!3*&!4*&!dynamax&!shadow&evolve&248&cp2900-3561,!3*&!4*&!dynamax&!shadow&evolve&248&cp0-2899,,https://assets.dittobase.com/go/pokemon/248-tyranitar.png
!3*&!4*&!dynamax&!shadow&evolve&,252,Treecko,,&cp,705,-,977,!3*&!4*&!dynamax&!shadow&evolve&252&cp705-977,!3*&!4*&!dynamax&!shadow&evolve&252&cp0-704,,https://assets.dittobase.com/go/pokemon/252-treecko.png
!3*&!4*&!dynamax&!shadow&evolve&,253,Grovyle,,&cp,1180,-,1553,!3*&!4*&!dynamax&!shadow&evolve&253&cp1180-1553,!3*&!4*&!dynamax&!shadow&evolve&253&cp0-1179,,https://assets.dittobase.com/go/pokemon/253-grovyle.png
!3*&!4*&!dynamax&!shadow&evolve&,254,Sceptile,,&cp,2035,-,2560,!3*&!4*&!dynamax&!shadow&evolve&254&cp2035-2560,!3*&!4*&!dynamax&!shadow&evolve&254&cp0-2034,,https://assets.dittobase.com/go/pokemon/254-sceptile.png
!3*&!4*&!dynamax&!shadow&evolve&,255,Torchic,,&cp,734,-,1015,!3*&!4*&!dynamax&!shadow&evolve&255&cp734-1015,!3*&!4*&!dynamax&!shadow&evolve&255&cp0-733,,https://assets.dittobase.com/go/pokemon/255-torchic.png
!3*&!4*&!dynamax&!shadow&evolve&,256,Combusken,,&cp,1165,-,1534,!3*&!4*&!dynamax&!shadow&evolve&256&cp1165-1534,!3*&!4*&!dynamax&!shadow&evolve&256&cp0-1164,,https://assets.dittobase.com/go/pokemon/256-combusken.png
!3*&!4*&!dynamax&!shadow&evolve&,257,Blaziken,,&cp,2103,-,2644,!3*&!4*&!dynamax&!shadow&evolve&257&cp2103-2644,!3*&!4*&!dynamax&!shadow&evolve&257&cp0-2102,,https://assets.dittobase.com/go/pokemon/257-blaziken.png
!3*&!4*&!dynamax&!shadow&evolve&,258,Mudkip,,&cp,761,-,1047,!3*&!4*&!dynamax&!shadow&evolve&258&cp761-1047,!3*&!4*&!dynamax&!shadow&evolve&258&cp0-760,,https://assets.dittobase.com/go/pokemon/258-mudkip.png
!3*&!4*&!dynamax&!shadow&evolve&,259,Marshtomp,,&cp,1263,-,1649,!3*&!4*&!dynamax&!shadow&evolve&259&cp1263-1649,!3*&!4*&!dynamax&!shadow&evolve&259&cp0-1262,,https://assets.dittobase.com/go/pokemon/259-marshtomp.png
!3*&!4*&!dynamax&!shadow&evolve&,260,Swampert,,&cp,2209,-,2761,!3*&!4*&!dynamax&!shadow&evolve&260&cp2209-2761,!3*&!4*&!dynamax&!shadow&evolve&260&cp0-2208,,https://assets.dittobase.com/go/pokemon/260-swampert.png
!3*&!4*&!dynamax&!shadow&evolve&,280,Ralts,,&cp,323,-,500,!3*&!4*&!dynamax&!shadow&evolve&280&cp323-500,!3*&!4*&!dynamax&!shadow&evolve&280&cp0-322,,https://assets.dittobase.com/go/pokemon/280-ralts.png
!3*&!4*&!dynamax&!shadow&evolve&,281,Kirlia,,&cp,640,-,897,!3*&!4*&!dynamax&!shadow&evolve&281&cp640-897,!3*&!4*&!dynamax&!shadow&evolve&281&cp0-639,,https://assets.dittobase.com/go/pokemon/281-kirlia.png
!3*&!4*&!dynamax&!shadow&evolve&,282,Gardevoir,,&cp,2303,-,2872,!3*&!4*&!dynamax&!shadow&evolve&282&cp2303-2872,!3*&!4*&!dynamax&!shadow&evolve&282&cp0-2302,,https://assets.dittobase.com/go/pokemon/282-gardevoir.png
!3*&!4*&!dynamax&!shadow&evolve&,475,Gallade,,&cp,2303,-,2872,!3*&!4*&!dynamax&!shadow&evolve&475&cp2303-2872,!3*&!4*&!dynamax&!shadow&evolve&475&cp0-2302,,https://assets.dittobase.com/go/pokemon/475-gallade.png
!3*&!4*&!dynamax&!shadow&evolve&,302,Sableye,,&cp,1030,-,1370,!3*&!4*&!dynamax&!shadow&evolve&302&cp1030-1370,!3*&!4*&!dynamax&!shadow&evolve&302&cp0-1029,,https://assets.dittobase.com/go/pokemon/302-sableye.png
!3*&!4*&!dynamax&!shadow&evolve&,303,Mawile,,&cp,1153,-,1518,!3*&!4*&!dynamax&!shadow&evolve&303&cp1153-1518,!3*&!4*&!dynamax&!shadow&evolve&303&cp0-1152,,https://assets.dittobase.com/go/pokemon/303-mawile.png
!3*&!4*&!dynamax&!shadow&evolve&,304,Aron,,&cp,900,-,1214,!3*&!4*&!dynamax&!shadow&evolve&304&cp900-1214,!3*&!4*&!dynamax&!shadow&evolve&304&cp0-899,,https://assets.dittobase.com/go/pokemon/304-aron.png
!3*&!4*&!dynamax&!shadow&evolve&,305,Lairon,,&cp,1481,-,1909,!3*&!4*&!dynamax&!shadow&evolve&305&cp1481-1909,!3*&!4*&!dynamax&!shadow&evolve&305&cp0-1480,,https://assets.dittobase.com/go/pokemon/305-lairon.png
!3*&!4*&!dynamax&!shadow&evolve&,306,Aggron,,&cp,2228,-,2786,!3*&!4*&!dynamax&!shadow&evolve&306&cp2228-2786,!3*&!4*&!dynamax&!shadow&evolve&306&cp0-2227,,https://assets.dittobase.com/go/pokemon/306-aggron.png
!3*&!4*&!dynamax&!shadow&evolve&,307,Meditite,,&cp,436,-,644,!3*&!4*&!dynamax&!shadow&evolve&307&cp436-644,!3*&!4*&!dynamax&!shadow&evolve&307&cp0-435,,https://assets.dittobase.com/go/pokemon/307-meditite.png
!3*&!4*&!dynamax&!shadow&evolve&,308,Medicham,,&cp,994,-,1329,!3*&!4*&!dynamax&!shadow&evolve&308&cp994-1329,!3*&!4*&!dynamax&!shadow&evolve&308&cp0-993,,https://assets.dittobase.com/go/pokemon/308-medicham.png
!3*&!4*&!dynamax&!shadow&evolve&,309,Electrike,,&cp,637,-,896,!3*&!4*&!dynamax&!shadow&evolve&309&cp637-896,!3*&!4*&!dynamax&!shadow&evolve&309&cp0-636,,https://assets.dittobase.com/go/pokemon/309-electrike.png
!3*&!4*&!dynamax&!shadow&evolve&,310,Manectric,,&cp,1701,-,2173,!3*&!4*&!dynamax&!shadow&evolve&310&cp1701-2173,!3*&!4*&!dynamax&!shadow&evolve&310&cp0-1700,,https://assets.dittobase.com/go/pokemon/310-manectric.png
!3*&!4*&!dynamax&!shadow&evolve&,318,Carvanha,,&cp,646,-,947,!3*&!4*&!dynamax&!shadow&evolve&318&cp646-947,!3*&!4*&!dynamax&!shadow&evolve&318&cp0-645,,https://assets.dittobase.com/go/pokemon/318-carvanha.png
!3*&!4*&!dynamax&!shadow&evolve&,319,Sharpedo,,&cp,1554,-,2025,!3*&!4*&!dynamax&!shadow&evolve&319&cp1554-2025,!3*&!4*&!dynamax&!shadow&evolve&319&cp0-1553,,https://assets.dittobase.com/go/pokemon/319-sharpedo.png
!3*&!4*&!dynamax&!shadow&evolve&,322,Numel,,&cp,705,-,982,!3*&!4*&!dynamax&!shadow&evolve&322&cp705-982,!3*&!4*&!dynamax&!shadow&evolve&322&cp0-704,,https://assets.dittobase.com/go/pokemon/322-numel.png
!3*&!4*&!dynamax&!shadow&evolve&,323,Camerupt,,&cp,1588,-,2036,!3*&!4*&!dynamax&!shadow&evolve&323&cp1588-2036,!3*&!4*&!dynamax&!shadow&evolve&323&cp0-1587,,https://assets.dittobase.com/go/pokemon/323-camerupt.png
!3*&!4*&!dynamax&!shadow&evolve&,333,Swablu,,&cp,528,-,765,!3*&!4*&!dynamax&!shadow&evolve&333&cp528-765,!3*&!4*&!dynamax&!shadow&evolve&333&cp0-527,,https://assets.dittobase.com/go/pokemon/333-swablu.png
!3*&!4*&!dynamax&!shadow&evolve&,334,Altaria,,&cp,1439,-,1861,!3*&!4*&!dynamax&!shadow&evolve&334&cp1439-1861,!3*&!4*&!dynamax&!shadow&evolve&334&cp0-1438,,https://assets.dittobase.com/go/pokemon/334-altaria.png
!3*&!4*&!dynamax&!shadow&evolve&,353,Shuppet,,&cp,671,-,945,!3*&!4*&!dynamax&!shadow&evolve&353&cp671-945,!3*&!4*&!dynamax&!shadow&evolve&353&cp0-670,,https://assets.dittobase.com/go/pokemon/353-shuppet.png
!3*&!4*&!dynamax&!shadow&evolve&,354,Banette,,&cp,1667,-,2134,!3*&!4*&!dynamax&!shadow&evolve&354&cp1667-2134,!3*&!4*&!dynamax&!shadow&evolve&354&cp0-1666,,https://assets.dittobase.com/go/pokemon/354-banette.png
!3*&!4*&!dynamax&!shadow&evolve&,433,Chingling,,&cp,530,-,574,!3*&!4*&!dynamax&!shadow&evolve&433&cp530-574,!3*&!4*&!dynamax&!shadow&evolve&433&cp0-529,,https://assets.dittobase.com/go/pokemon/433-chingling.png
!3*&!4*&!dynamax&!shadow&evolve&,358,Chimecho,,&cp,1643,-,2098,!3*&!4*&!dynamax&!shadow&evolve&358&cp1643-2098,!3*&!4*&!dynamax&!shadow&evolve&358&cp0-1642,,https://assets.dittobase.com/go/pokemon/358-chimecho.png
!3*&!4*&!dynamax&!shadow&evolve&,359,Absol,,&cp,1841,-,2346,!3*&!4*&!dynamax&!shadow&evolve&359&cp1841-2346,!3*&!4*&!dynamax&!shadow&evolve&359&cp0-1840,,https://assets.dittobase.com/go/pokemon/359-absol.png
!3*&!4*&!dynamax&!shadow&evolve&,361,Snorunt,,&cp,580,-,824,!3*&!4*&!dynamax&!shadow&evolve&361&cp580-824,!3*&!4*&!dynamax&!shadow&evolve&361&cp0-579,,https://assets.dittobase.com/go/pokemon/361-snorunt.png
!3*&!4*&!dynamax&!shadow&evolve&,362,Glalie,,&cp,1521,-,1955,!3*&!4*&!dynamax&!shadow&evolve&362&cp1521-1955,!3*&!4*&!dynamax&!shadow&evolve&362&cp0-1520,,https://assets.dittobase.com/go/pokemon/362-glalie.png
!3*&!4*&!dynamax&!shadow&evolve&,478,Froslass,,&cp,1470,-,1894,!3*&!4*&!dynamax&!shadow&evolve&478&cp1470-1894,!3*&!4*&!dynamax&!shadow&evolve&478&cp0-1469,,https://assets.dittobase.com/go/pokemon/478-froslass.png
!3*&!4*&!dynamax&!shadow&evolve&,371,Bagon,,&cp,782,-,1073,!3*&!4*&!dynamax&!shadow&evolve&371&cp782-1073,!3*&!4*&!dynamax&!shadow&evolve&371&cp0-781,,https://assets.dittobase.com/go/pokemon/371-bagon.png
!3*&!4*&!dynamax&!shadow&evolve&,372,Shelgon,,&cp,1463,-,1886,!3*&!4*&!dynamax&!shadow&evolve&372&cp1463-1886,!3*&!4*&!dynamax&!shadow&evolve&372&cp0-1462,,https://assets.dittobase.com/go/pokemon/372-shelgon.png
!3*&!4*&!dynamax&!shadow&evolve&,373,Salamence,,&cp,2825,-,3481,!3*&!4*&!dynamax&!shadow&evolve&373&cp2825-3481,!3*&!4*&!dynamax&!shadow&evolve&373&cp0-2824,,https://assets.dittobase.com/go/pokemon/373-salamence.png
!3*&!4*&!dynamax&!shadow&evolve&,374,Beldum,,&cp,646,-,906,!3*&!4*&!dynamax&!shadow&evolve&374&cp646-906,!3*&!4*&!dynamax&!shadow&evolve&374&cp0-645,,https://assets.dittobase.com/go/pokemon/374-beldum.png
!3*&!4*&!dynamax&!shadow&evolve&,375,Metang,,&cp,1220,-,1598,!3*&!4*&!dynamax&!shadow&evolve&375&cp1220-1598,!3*&!4*&!dynamax&!shadow&evolve&375&cp0-1219,,https://assets.dittobase.com/go/pokemon/375-metang.png
!3*&!4*&!dynamax&!shadow&evolve&,376,Metagross,,&cp,2863,-,3520,!3*&!4*&!dynamax&!shadow&evolve&376&cp2863-3520,!3*&!4*&!dynamax&!shadow&evolve&376&cp0-2862,,https://assets.dittobase.com/go/pokemon/376-metagross.png
!3*&!4*&!dynamax&!shadow&evolve&,380,Latias,,&cp,1921,-,2507,!3*&!4*&!dynamax&!shadow&evolve&380&cp1921-2507,!3*&!4*&!dynamax&!shadow&evolve&380&cp0-1920,,https://assets.dittobase.com/go/pokemon/380-latias.png
!3*&!4*&!dynamax&!shadow&evolve&,381,Latios,,&cp,2090,-,2723,!3*&!4*&!dynamax&!shadow&evolve&381&cp2090-2723,!3*&!4*&!dynamax&!shadow&evolve&381&cp0-2089,,https://assets.dittobase.com/go/pokemon/381-latios.png
!3*&!4*&!dynamax&!shadow&evolve&,384,Rayquaza,,&cp,2102,-,2739,!3*&!4*&!dynamax&!shadow&evolve&384&cp2102-2739,!3*&!4*&!dynamax&!shadow&evolve&384&cp0-2101,,https://assets.dittobase.com/go/pokemon/384-rayquaza.png
!3*&!4*&!dynamax&!shadow&evolve&,396,Starly,,&cp,451,-,667,!3*&!4*&!dynamax&!shadow&evolve&396&cp451-667,!3*&!4*&!dynamax&!shadow&evolve&396&cp0-450,,https://assets.dittobase.com/go/pokemon/396-starly.png
!3*&!4*&!dynamax&!shadow&evolve&,397,Staravia,,&cp,890,-,1206,!3*&!4*&!dynamax&!shadow&evolve&397&cp890-1206,!3*&!4*&!dynamax&!shadow&evolve&397&cp0-889,,https://assets.dittobase.com/go/pokemon/397-staravia.png
!3*&!4*&!dynamax&!shadow&evolve&,398,Staraptor,,&cp,2085,-,2624,!3*&!4*&!dynamax&!shadow&evolve&398&cp2085-2624,!3*&!4*&!dynamax&!shadow&evolve&398&cp0-2084,,https://assets.dittobase.com/go/pokemon/398-staraptor.png
!3*&!4*&!dynamax&!shadow&evolve&,427,Buneary,,&cp,861,-,1168,!3*&!4*&!dynamax&!shadow&evolve&427&cp861-1168,!3*&!4*&!dynamax&!shadow&evolve&427&cp0-860,,https://assets.dittobase.com/go/pokemon/427-buneary.png
!3*&!4*&!dynamax&!shadow&evolve&,428,Lopunny,,&cp,1485,-,1912,!3*&!4*&!dynamax&!shadow&evolve&428&cp1485-1912,!3*&!4*&!dynamax&!shadow&evolve&428&cp0-1484,,https://assets.dittobase.com/go/pokemon/428-lopunny.png
!3*&!4*&!dynamax&!shadow&evolve&,443,Gible,,&cp,747,-,1033,!3*&!4*&!dynamax&!shadow&evolve&443&cp747-1033,!3*&!4*&!dynamax&!shadow&evolve&443&cp0-746,,https://assets.dittobase.com/go/pokemon/443-gible.png
!3*&!4*&!dynamax&!shadow&evolve&,444,Gabite,,&cp,1338,-,1740,!3*&!4*&!dynamax&!shadow&evolve&444&cp1338-1740,!3*&!4*&!dynamax&!shadow&evolve&444&cp0-1337,,https://assets.dittobase.com/go/pokemon/444-gabite.png
!3*&!4*&!dynamax&!shadow&evolve&,445,Garchomp,,&cp,3001,-,3679,!3*&!4*&!dynamax&!shadow&evolve&445&cp3001-3679,!3*&!4*&!dynamax&!shadow&evolve&445&cp0-3000,,https://assets.dittobase.com/go/pokemon/445-garchomp.png
!3*&!4*&!dynamax&!shadow&evolve&,447,Riolu,,&cp,522,-,567,!3*&!4*&!dynamax&!shadow&evolve&447&cp522-567,!3*&!4*&!dynamax&!shadow&evolve&447&cp0-521,,https://assets.dittobase.com/go/pokemon/447-riolu.png
!3*&!4*&!dynamax&!shadow&evolve&,448,Lucario,,&cp,1988,-,2510,!3*&!4*&!dynamax&!shadow&evolve&448&cp1988-2510,!3*&!4*&!dynamax&!shadow&evolve&448&cp0-1987,,https://assets.dittobase.com/go/pokemon/448-lucario.png
!3*&!4*&!dynamax&!shadow&evolve&,459,Snover,,&cp,785,-,1076,!3*&!4*&!dynamax&!shadow&evolve&459&cp785-1076,!3*&!4*&!dynamax&!shadow&evolve&459&cp0-784,,https://assets.dittobase.com/go/pokemon/459-snover.png
!3*&!4*&!dynamax&!shadow&evolve&,460,Abomasnow,,&cp,1723,-,2193,!3*&!4*&!dynamax&!shadow&evolve&460&cp1723-2193,!3*&!4*&!dynamax&!shadow&evolve&460&cp0-1722,,https://assets.dittobase.com/go/pokemon/460-abomasnow.png
!3*&!4*&!dynamax&!shadow&evolve&,485,Heatran,,&cp,2058,-,2681,!3*&!4*&!dynamax&!shadow&evolve&485&cp2058-2681,!3*&!4*&!dynamax&!shadow&evolve&485&cp0-2057,,https://assets.dittobase.com/go/pokemon/485-heatran.png
!3*&!4*&!dynamax&!shadow&evolve&,491,Darkrai,,&cp,2048,-,2671,!3*&!4*&!dynamax&!shadow&evolve&491&cp2048-2671,!3*&!4*&!dynamax&!shadow&evolve&491&cp0-2047,,https://assets.dittobase.com/go/pokemon/491-darkrai.png
!3*&!4*&!dynamax&!shadow&evolve&,498,Tepig,,&cp,724,-,1005,!3*&!4*&!dynamax&!shadow&evolve&498&cp724-1005,!3*&!4*&!dynamax&!shadow&evolve&498&cp0-723,,https://assets.dittobase.com/go/pokemon/498-tepig.png
!3*&!4*&!dynamax&!shadow&evolve&,499,Pignite,,&cp,1371,-,1787,!3*&!4*&!dynamax&!shadow&evolve&499&cp1371-1787,!3*&!4*&!dynamax&!shadow&evolve&499&cp0-1370,,https://assets.dittobase.com/go/pokemon/499-pignite.png
!3*&!4*&!dynamax&!shadow&evolve&,500,Emboar,,&cp,2205,-,2769,!3*&!4*&!dynamax&!shadow&evolve&500&cp2205-2769,!3*&!4*&!dynamax&!shadow&evolve&500&cp0-2204,,https://assets.dittobase.com/go/pokemon/500-emboar.png
!3*&!4*&!dynamax&!shadow&evolve&,529,Drilbur,,&cp,946,-,1277,!3*&!4*&!dynamax&!shadow&evolve&529&cp946-1277,!3*&!4*&!dynamax&!shadow&evolve&529&cp0-945,,https://assets.dittobase.com/go/pokemon/529-drilbur.png
!3*&!4*&!dynamax&!shadow&evolve&,530,Excadrill,,&cp,2412,-,3012,!3*&!4*&!dynamax&!shadow&evolve&530&cp2412-3012,!3*&!4*&!dynamax&!shadow&evolve&530&cp0-2411,,https://assets.dittobase.com/go/pokemon/530-excadrill.png
!3*&!4*&!dynamax&!shadow&evolve&,531,Audino,,&cp,1181,-,1562,!3*&!4*&!dynamax&!shadow&evolve&531&cp1181-1562,!3*&!4*&!dynamax&!shadow&evolve&531&cp0-1180,,https://assets.dittobase.com/go/pokemon/531-audino.png
!3*&!4*&!dynamax&!shadow&evolve&,543,Venipede,,&cp,446,-,656,!3*&!4*&!dynamax&!shadow&evolve&543&cp446-656,!3*&!4*&!dynamax&!shadow&evolve&543&cp0-445,,https://assets.dittobase.com/go/pokemon/543-venipede.png
!3*&!4*&!dynamax&!shadow&evolve&,544,Whirlipede,,&cp,771,-,1062,!3*&!4*&!dynamax&!shadow&evolve&544&cp771-1062,!3*&!4*&!dynamax&!shadow&evolve&544&cp0-770,,https://assets.dittobase.com/go/pokemon/544-whirlipede.png
!3*&!4*&!dynamax&!shadow&evolve&,545,Scolipede,,&cp,1789,-,2272,!3*&!4*&!dynamax&!shadow&evolve&545&cp1789-2272,!3*&!4*&!dynamax&!shadow&evolve&545&cp0-1788,,https://assets.dittobase.com/go/pokemon/545-scolipede.png
!3*&!4*&!dynamax&!shadow&evolve&,559,Scraggy,,&cp,950,-,1274,!3*&!4*&!dynamax&!shadow&evolve&559&cp950-1274,!3*&!4*&!dynamax&!shadow&evolve&559&cp0-949,,https://assets.dittobase.com/go/pokemon/559-scraggy.png
!3*&!4*&!dynamax&!shadow&evolve&,560,Scrafty,,&cp,1660,-,2120,!3*&!4*&!dynamax&!shadow&evolve&560&cp1660-2120,!3*&!4*&!dynamax&!shadow&evolve&560&cp0-1659,,https://assets.dittobase.com/go/pokemon/560-scrafty.png
!3*&!4*&!dynamax&!shadow&evolve&,602,Tynamo,,&cp,523,-,753,!3*&!4*&!dynamax&!shadow&evolve&602&cp523-753,!3*&!4*&!dynamax&!shadow&evolve&602&cp0-522,,https://assets.dittobase.com/go/pokemon/602-tynamo.png
!3*&!4*&!dynamax&!shadow&evolve&,603,Eelektrik,,&cp,1215,-,1593,!3*&!4*&!dynamax&!shadow&evolve&603&cp1215-1593,!3*&!4*&!dynamax&!shadow&evolve&603&cp0-1214,,https://assets.dittobase.com/go/pokemon/603-eelektrik.png
!3*&!4*&!dynamax&!shadow&evolve&,604,Eelektross,,&cp,2015,-,2537,!3*&!4*&!dynamax&!shadow&evolve&604&cp2015-2537,!3*&!4*&!dynamax&!shadow&evolve&604&cp0-2014,,https://assets.dittobase.com/go/pokemon/604-eelektross.png
!3*&!4*&!dynamax&!shadow&evolve&,607,Litwick,,&cp,669,-,934,!3*&!4*&!dynamax&!shadow&evolve&607&cp669-934,!3*&!4*&!dynamax&!shadow&evolve&607&cp0-668,,https://assets.dittobase.com/go/pokemon/607-litwick.png
!3*&!4*&!dynamax&!shadow&evolve&,608,Lampent,,&cp,1208,-,1586,!3*&!4*&!dynamax&!shadow&evolve&608&cp1208-1586,!3*&!4*&!dynamax&!shadow&evolve&608&cp0-1207,,https://assets.dittobase.com/go/pokemon/608-lampent.png
!3*&!4*&!dynamax&!shadow&evolve&,609,Chandelure,,&cp,2436,-,3035,!3*&!4*&!dynamax&!shadow&evolve&609&cp2436-3035,!3*&!4*&!dynamax&!shadow&evolve&609&cp0-2435,,https://assets.dittobase.com/go/pokemon/609-chandelure.png
!3*&!4*&!dynamax&!shadow&evolve&,622,Golett,,&cp,806,-,1104,!3*&!4*&!dynamax&!shadow&evolve&622&cp806-1104,!3*&!4*&!dynamax&!shadow&evolve&622&cp0-805,,https://assets.dittobase.com/go/pokemon/622-golett.png
!3*&!4*&!dynamax&!shadow&evolve&,623,Golurk,,&cp,2111,-,2650,!3*&!4*&!dynamax&!shadow&evolve&623&cp2111-2650,!3*&!4*&!dynamax&!shadow&evolve&623&cp0-2110,,https://assets.dittobase.com/go/pokemon/623-golurk.png
!3*&!4*&!dynamax&!shadow&evolve&,650,Chespin,,&cp,737,-,1018,!3*&!4*&!dynamax&!shadow&evolve&650&cp737-1018,!3*&!4*&!dynamax&!shadow&evolve&650&cp0-736,,https://assets.dittobase.com/go/pokemon/650-chespin.png
!3*&!4*&!dynamax&!shadow&evolve&,651,Quilladin,,&cp,1219,-,1596,!3*&!4*&!dynamax&!shadow&evolve&651&cp1219-1596,!3*&!4*&!dynamax&!shadow&evolve&651&cp0-1218,,https://assets.dittobase.com/go/pokemon/651-quilladin.png
!3*&!4*&!dynamax&!shadow&evolve&,652,Chesnaught,,&cp,2195,-,2743,!3*&!4*&!dynamax&!shadow&evolve&652&cp2195-2743,!3*&!4*&!dynamax&!shadow&evolve&652&cp0-2194,,https://assets.dittobase.com/go/pokemon/652-chesnaught.png
!3*&!4*&!dynamax&!shadow&evolve&,653,Fennekin,,&cp,687,-,954,!3*&!4*&!dynamax&!shadow&evolve&653&cp687-954,!3*&!4*&!dynamax&!shadow&evolve&653&cp0-686,,https://assets.dittobase.com/go/pokemon/653-fennekin.png
!3*&!4*&!dynamax&!shadow&evolve&,654,Braixen,,&cp,1291,-,1683,!3*&!4*&!dynamax&!shadow&evolve&654&cp1291-1683,!3*&!4*&!dynamax&!shadow&evolve&654&cp0-1290,,https://assets.dittobase.com/go/pokemon/654-braixen.png
!3*&!4*&!dynamax&!shadow&evolve&,655,Delphox,,&cp,2277,-,2841,!3*&!4*&!dynamax&!shadow&evolve&655&cp2277-2841,!3*&!4*&!dynamax&!shadow&evolve&655&cp0-2276,,https://assets.dittobase.com/go/pokemon/655-delphox.png
!3*&!4*&!dynamax&!shadow&evolve&,656,Froakie,,&cp,658,-,921,!3*&!4*&!dynamax&!shadow&evolve&656&cp658-921,!3*&!4*&!dynamax&!shadow&evolve&656&cp0-657,,https://assets.dittobase.com/go/pokemon/656-froakie.png
!3*&!4*&!dynamax&!shadow&evolve&,657,Frogadier,,&cp,1152,-,1520,!3*&!4*&!dynamax&!shadow&evolve&657&cp1152-1520,!3*&!4*&!dynamax&!shadow&evolve&657&cp0-1151,,https://assets.dittobase.com/go/pokemon/657-frogadier.png
!3*&!4*&!dynamax&!shadow&evolve&,658,Greninja,,&cp,1952,-,2465,!3*&!4*&!dynamax&!shadow&evolve&658&cp1952-2465,!3*&!4*&!dynamax&!shadow&evolve&658&cp0-1951,,https://assets.dittobase.com/go/pokemon/658-greninja.png
!3*&!4*&!dynamax&!shadow&evolve&,667,Litleo,,&cp,989,-,1323,!3*&!4*&!dynamax&!shadow&evolve&667&cp989-1323,!3*&!4*&!dynamax&!shadow&evolve&667&cp0-988,,https://assets.dittobase.com/go/pokemon/667-litleo.png
!3*&!4*&!dynamax&!shadow&evolve&,668,Pyroar,,&cp,2042,-,2570,!3*&!4*&!dynamax&!shadow&evolve&668&cp2042-2570,!3*&!4*&!dynamax&!shadow&evolve&668&cp0-2041,,https://assets.dittobase.com/go/pokemon/668-pyroar.png
!3*&!4*&!dynamax&!shadow&evolve&,669,Flabebe-Blue,,&cp,713,-,987,!3*&!4*&!dynamax&!shadow&evolve&669&cp713-987,!3*&!4*&!dynamax&!shadow&evolve&669&cp0-712,,https://assets.dittobase.com/go/pokemon/669-flabebe-blue.png
!3*&!4*&!dynamax&!shadow&evolve&,670,Floette-Blue,,&cp,1073,-,1422,!3*&!4*&!dynamax&!shadow&evolve&670&cp1073-1422,!3*&!4*&!dynamax&!shadow&evolve&670&cp0-1072,,https://assets.dittobase.com/go/pokemon/670-floette-blue.png
!3*&!4*&!dynamax&!shadow&evolve&,677,Espurr,,&cp,862,-,1169,!3*&!4*&!dynamax&!shadow&evolve&677&cp862-1169,!3*&!4*&!dynamax&!shadow&evolve&677&cp0-861,,https://assets.dittobase.com/go/pokemon/677-espurr.png
!3*&!4*&!dynamax&!shadow&evolve&,678,Meowstic,,&cp,1536,-,1972,!3*&!4*&!dynamax&!shadow&evolve&678&cp1536-1972,!3*&!4*&!dynamax&!shadow&evolve&678&cp0-1535,,https://assets.dittobase.com/go/pokemon/678-meowstic.png
!3*&!4*&!dynamax&!shadow&evolve&,686,Inkay,,&cp,609,-,861,!3*&!4*&!dynamax&!shadow&evolve&686&cp609-861,!3*&!4*&!dynamax&!shadow&evolve&686&cp0-608,,https://assets.dittobase.com/go/pokemon/686-inkay.png
!3*&!4*&!dynamax&!shadow&evolve&,687,Malamar,,&cp,1721,-,2190,!3*&!4*&!dynamax&!shadow&evolve&687&cp1721-2190,!3*&!4*&!dynamax&!shadow&evolve&687&cp0-1720,,https://assets.dittobase.com/go/pokemon/687-malamar.png
!3*&!4*&!dynamax&!shadow&evolve&,688,Binacle,,&cp,624,-,878,!3*&!4*&!dynamax&!shadow&evolve&688&cp624-878,!3*&!4*&!dynamax&!shadow&evolve&688&cp0-623,,https://assets.dittobase.com/go/pokemon/688-binacle.png
!3*&!4*&!dynamax&!shadow&evolve&,689,Barbaracle,,&cp,1972,-,2484,!3*&!4*&!dynamax&!shadow&evolve&689&cp1972-2484,!3*&!4*&!dynamax&!shadow&evolve&689&cp0-1971,,https://assets.dittobase.com/go/pokemon/689-barbaracle.png
!3*&!4*&!dynamax&!shadow&evolve&,690,Skrelp,,&cp,713,-,987,!3*&!4*&!dynamax&!shadow&evolve&690&cp713-987,!3*&!4*&!dynamax&!shadow&evolve&690&cp0-712,,https://assets.dittobase.com/go/pokemon/690-skrelp.png
!3*&!4*&!dynamax&!shadow&evolve&,691,Dragalge,,&cp,1740,-,2213,!3*&!4*&!dynamax&!shadow&evolve&691&cp1740-2213,!3*&!4*&!dynamax&!shadow&evolve&691&cp0-1739,,https://assets.dittobase.com/go/pokemon/691-dragalge.png
!3*&!4*&!dynamax&!shadow&evolve&,701,Hawlucha,,&cp,1761,-,2238,!3*&!4*&!dynamax&!shadow&evolve&701&cp1761-2238,!3*&!4*&!dynamax&!shadow&evolve&701&cp0-1760,,https://assets.dittobase.com/go/pokemon/701-hawlucha.png
!3*&!4*&!dynamax&!shadow&evolve&,718,Zygarde-Complete,,&cp,1528,-,1595,!3*&!4*&!dynamax&!shadow&evolve&718&cp1528-1595,!3*&!4*&!dynamax&!shadow&evolve&718&cp0-1527,,https://assets.dittobase.com/go/pokemon/718-zygarde-complete.png
!3*&!4*&!dynamax&!shadow&evolve&,719,Diancie,,&cp,1114,-,1171,!3*&!4*&!dynamax&!shadow&evolve&719&cp1114-1171,!3*&!4*&!dynamax&!shadow&evolve&719&cp0-1113,,https://assets.dittobase.com/go/pokemon/719-diancie.png
!3*&!4*&!dynamax&!shadow&evolve&,739,Crabrawler,,&cp,940,-,1265,!3*&!4*&!dynamax&!shadow&evolve&739&cp940-1265,!3*&!4*&!dynamax&!shadow&evolve&739&cp0-939,,https://assets.dittobase.com/go/pokemon/739-crabrawler.png
!3*&!4*&!dynamax&!shadow&evolve&,740,Crabominable,,&cp,2150,-,2699,!3*&!4*&!dynamax&!shadow&evolve&740&cp2150-2699,!3*&!4*&!dynamax&!shadow&evolve&740&cp0-2149,,https://assets.dittobase.com/go/pokemon/740-crabominable.png
!3*&!4*&!dynamax&!shadow&evolve&,767,Wimpod,,&cp,297,-,466,!3*&!4*&!dynamax&!shadow&evolve&767&cp297-466,!3*&!4*&!dynamax&!shadow&evolve&767&cp0-296,,https://assets.dittobase.com/go/pokemon/767-wimpod.png
!3*&!4*&!dynamax&!shadow&evolve&,768,Golisopod,,&cp,2360,-,2937,!3*&!4*&!dynamax&!shadow&evolve&768&cp2360-2937,!3*&!4*&!dynamax&!shadow&evolve&768&cp0-2359,,https://assets.dittobase.com/go/pokemon/768-golisopod.png
!3*&!4*&!dynamax&!shadow&evolve&,780,Drampa,,&cp,2160,-,2706,!3*&!4*&!dynamax&!shadow&evolve&780&cp2160-2706,!3*&!4*&!dynamax&!shadow&evolve&780&cp0-2159,,https://assets.dittobase.com/go/pokemon/780-drampa.png
!3*&!4*&!dynamax&!shadow&evolve&,801,Magearna,,&cp,1485,-,1549,!3*&!4*&!dynamax&!shadow&evolve&801&cp1485-1549,!3*&!4*&!dynamax&!shadow&evolve&801&cp0-1484,,https://assets.dittobase.com/go/pokemon/801-magearna.png
!3*&!4*&!dynamax&!shadow&evolve&,807,Zeraora,,&cp,1403,-,1465,!3*&!4*&!dynamax&!shadow&evolve&807&cp1403-1465,!3*&!4*&!dynamax&!shadow&evolve&807&cp0-1402,,https://assets.dittobase.com/go/pokemon/807-zeraora.png
!3*&!4*&!dynamax&!shadow&evolve&,870,Falinks,,&cp,1720,-,2189,!3*&!4*&!dynamax&!shadow&evolve&870&cp1720-2189,!3*&!4*&!dynamax&!shadow&evolve&870&cp0-1719,,https://assets.dittobase.com/go/pokemon/870-falinks.png
!3*&!4*&!dynamax&!shadow&evolve&,951,Capsakid,,&cp,644,-,907,!3*&!4*&!dynamax&!shadow&evolve&951&cp644-907,!3*&!4*&!dynamax&!shadow&evolve&951&cp0-643,,https://assets.dittobase.com/go/pokemon/951-capsakid.png
!3*&!4*&!dynamax&!shadow&evolve&,952,Scovillain,,&cp,1683,-,2152,!3*&!4*&!dynamax&!shadow&evolve&952&cp1683-2152,!3*&!4*&!dynamax&!shadow&evolve&952&cp0-1682,,https://assets.dittobase.com/go/pokemon/952-scovillain.png
!3*&!4*&!dynamax&!shadow&evolve&,969,Glimmet,,&cp,1181,-,1560,!3*&!4*&!dynamax&!shadow&evolve&969&cp1181-1560,!3*&!4*&!dynamax&!shadow&evolve&969&cp0-1180,,https://assets.dittobase.com/go/pokemon/969-glimmet.png
!3*&!4*&!dynamax&!shadow&evolve&,970,Glimmora,,&cp,2446,-,3039,!3*&!4*&!dynamax&!shadow&evolve&970&cp2446-3039,!3*&!4*&!dynamax&!shadow&evolve&970&cp0-2445,,https://assets.dittobase.com/go/pokemon/970-glimmora.png
!3*&!4*&!dynamax&!shadow&evolve&,978,Tatsugiri-Curly,,&cp,2026,-,2550,!3*&!4*&!dynamax&!shadow&evolve&978&cp2026-2550,!3*&!4*&!dynamax&!shadow&evolve&978&cp0-2025,,https://assets.dittobase.com/go/pokemon/978-tatsugiri-curly.png
!3*&!4*&!dynamax&!shadow&evolve&,996,Frigibax,,&cp,849,-,1158,!3*&!4*&!dynamax&!shadow&evolve&996&cp849-1158,!3*&!4*&!dynamax&!shadow&evolve&996&cp0-848,,https://assets.dittobase.com/go/pokemon/996-frigibax.png
!3*&!4*&!dynamax&!shadow&evolve&,997,Arctibax,,&cp,1507,-,1942,!3*&!4*&!dynamax&!shadow&evolve&997&cp1507-1942,!3*&!4*&!dynamax&!shadow&evolve&997&cp0-1506,,https://assets.dittobase.com/go/pokemon/997-arctibax.png
!3*&!4*&!dynamax&!shadow&evolve&,998,Baxcalibur,,&cp,2667,-,3296,!3*&!4*&!dynamax&!shadow&evolve&998&cp2667-3296,!3*&!4*&!dynamax&!shadow&evolve&998&cp0-2666,,https://assets.dittobase.com/go/pokemon/998-baxcalibur.png